url,path,impressions,clicks,ga4_users,engagement_rate
https://jobrecruitment.in/,/,32804,423,559,65.14
https://jobrecruitment.in/jobs,/jobs,277,4,140,83.0
https://jobrecruitment.in/it-recruitment-agency-in-ahmedabad.html,/it-recruitment-agency-in-ahmedabad.html,58,0,2,100.0
https://jobrecruitment.in/it-recruitment-agency-in-mumbai.html,/it-recruitment-agency-in-mumbai.html,58,0,2,100.0
https://jobrecruitment.in/about.html,/about.html,52,0,22,96.97
https://jobrecruitment.in/job-consultancy-in-ahmedabad.html,/job-consultancy-in-ahmedabad.html,52,0,0,0.0
https://jobrecruitment.in/job-consultancy-template.php?city=Mumbai&industry=Retail,/job-consultancy-template.php?city=Mumbai&industry=Retail,48,0,0,0.0
https://jobrecruitment.in/contact.html,/contact.html,47,2,54,89.71
https://jobrecruitment.in/contact-us-jobrecruitment-in/,/contact-us-jobrecruitment-in/,43,1,0,0.0
https://jobrecruitment.in/bpo-telecaller-job-in-tamil-nadu.html,/bpo-telecaller-job-in-tamil-nadu.html,41,0,0,0.0
https://jobrecruitment.in/terms.html,/terms.html,39,1,5,100.0
https://jobrecruitment.in/manufacturing-recruitment-agency-in-patna.html,/manufacturing-recruitment-agency-in-patna.html,32,0,0,0.0
https://jobrecruitment.in/how-to-make-your-resume-stand-out/,/how-to-make-your-resume-stand-out/,30,0,0,0.0
https://jobrecruitment.in/retail-recruitment-agency-in-bangalore.html,/retail-recruitment-agency-in-bangalore.html,30,0,0,0.0
https://jobrecruitment.in/employer.html,/employer.html,29,1,35,88.64
https://jobrecruitment.in/jobs.html,/jobs.html,29,1,114,85.29
https://jobrecruitment.in/healthcare-recruitment-agency-in-bangalore.html,/healthcare-recruitment-agency-in-bangalore.html,27,0,0,0.0
https://jobrecruitment.in/job-consultancy-template.php?city=Hyderabad&industry=Retail,/job-consultancy-template.php?city=Hyderabad&industry=Retail,27,0,0,0.0
https://jobrecruitment.in/job.php?role=React-Developer&city=Dhanbad&country=India,/job.php?role=React-Developer&city=Dhanbad&country=India,26,0,0,0.0
https://jobrecruitment.in/job.php?role=React-Developer&city=Kolkata&country=India,/job.php?role=React-Developer&city=Kolkata&country=India,26,0,0,0.0
https://jobrecruitment.in/manufacturing-recruitment-agency-in-jaipur.html,/manufacturing-recruitment-agency-in-jaipur.html,26,0,0,0.0
https://jobrecruitment.in/ahmedabad-salary-guide-2026.html,/ahmedabad-salary-guide-2026.html,25,0,0,0.0
https://jobrecruitment.in/recruitment-management-software.html,/recruitment-management-software.html,25,0,0,0.0
https://jobrecruitment.in/contact,/contact,21,0,50,88.33
https://jobrecruitment.in/talent-acquisition-job-in-hyderabad.html,/talent-acquisition-job-in-hyderabad.html,21,0,0,0.0
https://jobrecruitment.in/blog.html,/blog.html,20,2,15,95.24
https://jobrecruitment.in/privacy.html,/privacy.html,19,1,5,90.0
https://jobrecruitment.in/pharmacist-job-in-patna.html,/pharmacist-job-in-patna.html,18,0,0,0.0
https://jobrecruitment.in/retail-recruitment-agency-in-kolkata.html,/retail-recruitment-agency-in-kolkata.html,18,0,0,0.0
https://jobrecruitment.in/talent-acquisition-job-in-bengaluru.html,/talent-acquisition-job-in-bengaluru.html,18,0,0,0.0
https://jobrecruitment.in/manufacturing-recruitment-agency-in-kolkata.html,/manufacturing-recruitment-agency-in-kolkata.html,17,0,0,0.0
https://jobrecruitment.in/about,/about,16,0,24,91.67
https://jobrecruitment.in/job-consultancy-template.php?city=Delhi&industry=Real+Estate,/job-consultancy-template.php?city=Delhi&industry=Real+Estate,16,0,0,0.0
https://jobrecruitment.in/real-estate-recruitment-agency-in-ludhiana.html,/real-estate-recruitment-agency-in-ludhiana.html,14,0,0,0.0
https://jobrecruitment.in/recruitment-process-in-hrm.html,/recruitment-process-in-hrm.html,14,0,0,0.0
https://jobrecruitment.in/job-consultancy-template.php?city=Bangalore&industry=Manufacturing,/job-consultancy-template.php?city=Bangalore&industry=Manufacturing,13,0,0,0.0
https://jobrecruitment.in/recruitment-management-software,/recruitment-management-software,13,0,0,0.0
https://jobrecruitment.in/cashier-job-in-india.html,/cashier-job-in-india.html,12,0,0,0.0
https://jobrecruitment.in/job-consultancy-template.php?city=Ahmedabad&industry=Real+Estate,/job-consultancy-template.php?city=Ahmedabad&industry=Real+Estate,12,0,0,0.0
https://jobrecruitment.in/job-consultancy-template.php?city=Bangalore&industry=Logistics,/job-consultancy-template.php?city=Bangalore&industry=Logistics,12,0,0,0.0
https://jobrecruitment.in/job-consultancy-template.php?city=Kolkata&industry=FMCG,/job-consultancy-template.php?city=Kolkata&industry=FMCG,12,0,0,0.0
https://jobrecruitment.in/job-consultancy-template.php?city=Srinagar&industry=Logistics,/job-consultancy-template.php?city=Srinagar&industry=Logistics,12,0,0,0.0
https://jobrecruitment.in/manufacturing-recruitment-agency-in-ahmedabad.html,/manufacturing-recruitment-agency-in-ahmedabad.html,12,0,1,100.0
https://jobrecruitment.in/warehouse-manager-job-in-srinagar.html,/warehouse-manager-job-in-srinagar.html,12,0,0,0.0
https://jobrecruitment.in/cashier-job-in-meerut.html,/cashier-job-in-meerut.html,11,1,1,0.0
https://jobrecruitment.in/it-recruitment-agency-in-visakhapatnam.html,/it-recruitment-agency-in-visakhapatnam.html,11,0,0,0.0
https://jobrecruitment.in/job-consultancy-template.php?city=Kolkata&industry=Retail,/job-consultancy-template.php?city=Kolkata&industry=Retail,11,0,0,0.0
https://jobrecruitment.in/job.php?role=Accountant&city=Vijayawada&country=India,/job.php?role=Accountant&city=Vijayawada&country=India,11,0,0,0.0
https://jobrecruitment.in/job.php?role=Lab-Technician&city=Bhopal&country=India,/job.php?role=Lab-Technician&city=Bhopal&country=India,11,0,0,0.0
